day_of_week,home_win_rate,n_games
Monday,0.5407124681933843,2358
Tuesday,0.5259370314842579,3335
Wednesday,0.5317757009345795,3210
Thursday,0.523286467486819,2276
Friday,0.5340909090909091,3432
Saturday,0.5392398140552366,3657
Sunday,0.5431443730801452,3581
