day_of_week,home_win_rate,n_games
Monday,0.5420054200542005,2214
Tuesday,0.5276811135716546,3161
Wednesday,0.5285433070866141,3048
Thursday,0.5236549165120594,2156
Friday,0.5346473668001231,3247
Saturday,0.5362485615650172,3476
Sunday,0.54048463356974,3384
