day_of_week,home_win_rate,n_games
Monday,0.5413205072146917,2287
Tuesday,0.5276319851806113,3239
Wednesday,0.5303225806451612,3100
Thursday,0.5251472587222474,2207
Friday,0.5354235755200483,3317
Saturday,0.5377890580936266,3546
Sunday,0.5426758938869666,3468
