edge_threshold,n_bets,n_wins,units_wagered,units_profit,roi,hit_rate
0.0,1034,489,1034,94.23359867742948,0.09113500839209815,0.47292069632495165
0.02,810,383,810,116.27615641303933,0.1435508103864683,0.4728395061728395
0.03,698,331,698,127.20871148823936,0.18224743766223403,0.47421203438395415
0.05,482,226,482,135.98814787539916,0.2821330868784215,0.46887966804979253
